Na_charge,Cl_charge,HCO3_charge,Ca_charge,CO3_charge,SO4_charge,Mg_charge,K_charge,Na_energy,Cl_energy,HCO3_energy,Ca_energy,CO3_energy,SO4_energy,Mg_energy,K_energy,Na_concentration,Cl_concentration,HCO3_concentration,Ca_concentration,CO3_concentration,SO4_concentration,Mg_concentration,K_concentration,"P,Psia","T,F",rs_exp_Ratio
0,1,0,2,2,2,2,1,0,340,0,1505,1315,1080,1830,295,0,1.6,0,0.2,0.6,0.2,1,0.8,1000,150,0.3466
1,1,1,2,2,2,2,0,365,340,335,1505,1315,1080,1830,0,0.8,0.8,0.4,0.6,0.4,0.2,0.2,0,1500,150,0.30568
1,1,0,2,2,2,2,1,365,340,0,1505,1315,1080,1830,295,0.2,1.6,0,1.2,0.4,0.6,0.4,0.2,2000,150,0.37436
0,1,0,2,2,2,2,1,0,340,0,1505,1315,1080,1830,295,0,1.2,0,1.2,1,0.4,0.6,0.4,2500,150,0.49744
0,1,0,2,2,0,2,1,0,340,0,1505,1315,0,1830,295,0,0.8,0,0.6,0.6,0,0.2,0.4,3000,150,0.25454
0,1,0,2,2,2,2,1,0,340,0,1505,1315,1080,1830,295,0,1.2,0,0.8,0.8,0.2,0.6,0.4,3500,150,0.38886
1,1,1,2,2,2,0,0,365,340,335,1505,1315,1080,0,0,1,1.2,0.2,1.2,0.4,0.6,0,0,4000,150,0.3906
1,1,1,2,2,2,2,1,365,340,335,1505,1315,1080,1830,295,0.4,0.8,0.4,1,1,0.2,0.4,0.4,4500,150,0.49646
0,1,0,2,0,2,2,0,0,340,0,1505,0,1080,1830,0,0,0.8,0,1.6,0,1.8,0.6,0,5000,150,0.42984